species_key_lookup,scientific_name,common_name_en,common_name_de
2888728,Sambucus nigra,Black Elder,Schwarzer Holunder
2686212,Larix decidua,Common Larch,Europaeische Laerche
3083838,Chenopodium album,Common Lambsquarters,Borbas-Gänsefuß
5414202,Myrica gale,Bog-myrtle,Gagel
3021037,Prunus padus,Bird Cherry,Ahlkirsche
5284517,Taxus baccata,Canada Yew,Eibe
3172077,Veronica persica,Bird's Eye Speedwell,Persischer Ehrenpreis
3021730,Prunus cerasifera,Cherry Plum,Blut-Kirschpflaume
5285637,Pinus sylvestris,Native Scots Pinewood,Daehle
3152614,Abutilon theophrasti,Abutilon-hemp,Chinesische Samtpappel
3189694,Actinidia chinensis,Chinese gooseberry,Chinesische Stachelbeere
3189809,Aesculus carnea,Red Horse-chestnut,Rote Rosskastanie
3189801,Aesculus spec,Buckeye,Rosskastanie
2876213,Alnus glutinosa,Alder,Schwarz-Erle
9148577,Alnus incana,Gray Alder,Grau-Erle
8002952,Ambrosia artemisiifolia,Annual Ragweed,Aufrechtes Traubenkraut
3024109,Amelanchier lamarckii,Juneberry,Kanadische Felsenbirne
3023878,Amelanchier ovalis,Snowy Mespilus,Echte Felsenbirne
3036892,Aralia elata,Japanese Angelica Tree,Hohe Aralie
2873991,Aristolochia clematitis,Birthwort,Echte Osterluzei
3033077,Aucuba japonica,Japanese acuba,Aukube
3981543,Berberis julianae,Berberis lempergiana,Julia-Berberitze
3033894,Berberis vulgaris,Barberry,Berberitze
5331916,Betula pendula,Common Birch,Haenge-Birke
9118014,Betula pubescens,Brown Birch,Behaarte Birke
5341758,Brugmansia suaveolens,Angel's tears,duftende Engelstrompete
3173338,Buddleja davidii,Buddleia,Buddleja
2943190,Caragana arborescens,Black Karagana,Gewöhnlicher Erbsenstrauch
2875818,Carpinus betulus,Caucasian Hornbeam,Hagebuche
5333294,Castanea sativa,European Chestnut,Edel-Kastanie
3172615,Catalpa bignonioides,American catalpa,Gewoehnlicher Trompetenbaum
3172612,Catalpa speciosa,Northern Catalpa,Prächtiger Trompetenbaum
3000610,Chaenomeles japonica,Flowering-quince,Japanische Scheinquitte
3083862,Chenopodium ficifolium,Fig-leaf Goosefoot,Feigenblaettriger Gaensefuss
3756077,Chenopodium giganteum,Tree Spinach,Baumspinat
1920370,Colotis euippe,Round Winged Orange Tip,""
3013215,Cormus domestica,Service-tree,Speierling
8365953,Cornus alba,Red-bark Dogwood,Tatarischer Hartriegel
3082263,Cornus mas,Cornejo Macho,Dirndlstrauch
3082234,Cornus sanguinea,Bloodtwig dogwood,Blutroter Hartriegel
3082244,Cornus sericea,American dogwood,Auslaeufertreibender Hornstrauch
2875979,Corylus avellana,Barcelona-nuts,Europäische Hasel
2875968,Corylus colurna,Byzantine filbert,Baum-Hasel
2876049,Corylus maxima,Filbert,"Große Hasel, Lambert-Hasel"
3025617,Cotoneaster horizontalis,Purple-flowered Cotoneaster,Faecher-Steinmispel
3025576,Cotoneaster integerrimus,Common Cotoneaster,Felsen-Zwergmispel
3013404,Crataegus crus-galli,Bush Hawthorn,Hahnensporn-Weißdorn
8252683,Crataegus laevigata,English hawthorn,Zweigriffeliger Weissdorn
3015562,Crataegus mollis,Arnold Hawthorn,""
9220780,Crataegus monogyna,English Hawthorn,Eingriffeliger Weissdorn
6657,Cupania sylvatica,Litchi family,Seifenbaumgewächse
5362215,Cydonia oblonga,Common Quince,Echte Quitte
5354656,Cytisus scoparius,Broom,Besen-Ginster
2985965,Deutzia scabra,Deutzia,Deutzie
3001068,Docynia delavayi,Apple,Apfel
6685,Dombeya acerifolia,Mallow Family,Malvengewächse
2477872,Dryocopus martius,Black Woodpecker,Schwarzspecht
3039269,Elaeagnus angustifolia,Oleaster,Schmalblaettrige Oelweide
3117449,Erigeron annuus,Annual Fleabane,Einjähriges Berufkraut
3146717,Erigeron bonariensis,Argentine Fleabane,Argentinisches Berufkraut
3146632,Erigeron strigosus,Common Eastern Fleabane,Striegelhaariges Berufkraut
3146683,Erigeron sumatrensis,"Bilbao fleabane, Tall Fleabane",Sumatra-Berufkraut
1879735,Eudonia delunella,Pied Grey,Schwarzfleck-Mooszünsler
1879731,Eudonia lacustrata,Little Grey,Weißdornstammzünsler
1879765,Eudonia mercurella,Garden Grey,Kleiner Grauzünsler
1879630,Eudonia truncicolella,Ground-moss Grey,"Spätsommer-Mooszünsler, Grauer Mooszünsler"
3169131,Euonymus europaeus,Common Spindle,Europäisches Pfaffenhütchen
3169137,Euonymus fortunei,Climbing Euonymus,Japanisches Pfaffenhütchen
3064056,Euphorbia palustris,Marsh Spurge,Sumpf-Wolfsmilch
3039454,Frangula alnus,Alder Buckthorn,Echter Faulbaum
3172358,Fraxinus excelsior,Ash,Esche
2882753,Gaultheria procumbens,Checkerberry,Niedere Scheinbeere
2687885,Ginkgo biloba,Common Ginkgo,Ginkgo
2959443,Gleditsia triacanthos,Common Honey-locust,Amerikanische Gleditschia
7889215,Hamamelis mollis,Chinese witch hazel,Chinesische Zaubernuss
3152583,Hibiscus syriacus,Althea,Garten-Hibiskus
3152560,Hibiscus trionum,Bladder Ketmia,Gelbe Staudenblume
2985994,Hydrangea macrophylla,Bigleaf Hydrangea,Garten-Hortensie
3189525,Hypericum androsaemum,Bible-leaf,Blut-Johanniskraut
3189497,Hypericum calycinum,Aaron's beard,Grossbluetiges Johanniskraut
3189543,Hypericum humifusum,Trailing Saint John's Wort,Liegendes Hartheu
3189486,Hypericum perforatum,Common St. John's Wort,Echtes Johanniskraut
2928576,Ipomoea purpurea,Annual Morning Glory,Himmelblaue Prunkwinde
2873995,Isotrema macrophyllum,Dutchman's-pipe,""
3054357,Juglans nigra,American walnut,Schwarz-Walnuss
3054368,Juglans regia,Carpathian Walnut,Echte Walnuss
2883007,Kalmia angustifolia,Dwarf-laurel,Schmalblatt-Lorbeerrose
5356345,Laburnum anagyroides,Common Laburnum,Gemeiner Goldregen
3172291,Ligustrum ovalifolium,California Privet,Breitblatt-Liguster
3152824,Liquidambar styraciflua,Alligator-wood,Liquidambar
3152861,Liriodendron tulipifera,American tuliptree,Amerikanischer Tulpenbaum
5332399,Lithocarpus indutus,"",""
3033865,Mahonia aquifolium,Hollyleaved Barberry,Gewöhnliche Mahonie
7828251,Mahonia japonica,Japanese ashberry,japanische Mahonie
3152365,Malva alcea,Cut-leaf Mallow,Garten-Stockrose
3152379,Malva moschata,Musk Mallow,Abelmoschus
3152373,Malva neglecta,Buttonweed,Chaeslichrut
3152374,Malva sylvestris,Blue Mallow,Garten-Malve
3940326,Malva trimestris,Royal Mallow,Sommer-Strauchpappel
2965527,Medicago arabica,Burclover,Arabischer Schneckenklee
2965354,Medicago falcata,Sickle Medick,Gelbe Luzerne
2965201,Medicago lupulina,Black Medic,Gelbklee
8073758,Medicago minima,Bur Medick,Zwerg-Schneckenklee
3031774,Mespilus germanica,Medlar,Deutsche Mispel
2928774,Nicotiana tabacum,Cultivated tobacco,Echter Tabak
2874984,Nothofagus obliqua,roble beech,""
2891677,Oxalis dillenii,Common Yellow Woodsorrel,Dillenius' Sauerklee
3170823,Paulownia tomentosa,Empresstree,Blauglockenbaum
3084022,Phytolacca acinosa,American Pokeweed,Essbare Kermesbeere
3084015,Phytolacca americana,American Nightshade,Amerikanische Kermesbeere
7400250,Platanus hispanica,American Plane,Ahornblättrige Platane
3191414,Polygala serpyllifolia,Heath Milkwort,Quendel-Kreuzblume
3191374,Polygala vulgaris,Common Milkwort,Gemeine Kreuzblume
7818643,Prunus armeniaca,Apricot,Aprikose
3021922,Prunus cerasus,Amarelle Cherry,Artengruppe Sauer-Kirsche
7931731,Prunus domestica,Bullace plum,Eigentliche Krieche
3022789,Prunus mahaleb,Gandhi cherry,Felsen-Kirsche
3190411,Ptelea trifoliata,American Hop Tree,Dreiblättriger Lederstrauch
8288647,Pterocarya fraxinifolia,Caucasian Walnut,Eschenblättrige Flügelnuss
2988188,Pyracantha coccinea,Firethorn,Europäischer Feuerdorn
2877951,Quercus oblongata,Acorn,Eiche
3039491,Rhamnus cathartica,Buckthorn,Gemeiner Kreuzdorn
6371028,Rhamnus saxatilis,Rock Buckthorn,Artengruppe Felsen-Kreuzdorn
2883073,Rhododendron ferrugineum,Alpenrose,Rostblaettrige Alpenrose
2882984,Rhododendron groenlandicum,Bog Labrador Tea,Grönländischer Porst
7327990,Rhododendron ponticum,Pontian rhododendron,Pontische Alpenrose
3190538,Rhus typhina,Stag's-Horn Sumach,Essigbaum
2986184,Ribes alpinum,Alpine currant,Alpen-Johannisbeere
2986111,Ribes aureum,Buffalo Currant,Gold-Johannisbeere
2986192,Ribes nigrum,Black Currant,Ahlbeere
2986097,Ribes rubrum,Common Currant,Ribisel
2986130,Ribes sanguineum,Flowering Currant,Blut-Johannisbeere
2986185,Ribes uva-crispa,Common-gooseberry,Chrosle
5352251,Robinia pseudoacacia,Black Locust,Falsche Akazie
2988972,Rubus pruinosus,Pruinose Bramble,Bereifte Haselblatt-Brombeere
7103891,Salix triandra,Almond Willow,Mandel Weide
2927026,Salvia glutinosa,Jupiter's distaff,Gelber Salbei
2927028,Salvia nemorosa,Balkan Clary,Hain-Salbei
2927004,Salvia officinalis,Common Sage,Echte Salbei
2927007,Salvia pratensis,Introduced sage,Artengruppe Wiesen-Salbei
2926995,Salvia verticillata,Lilac Sage,Quirl-Salbei
2888722,Sambucus ebulus,Danewort,Attich
8800,Schefflera macrophylla,Aralia and Ivy family,Araliengewächse
3105813,Sonchus arvensis,Corn Sow Thistle,Acker-Gaensedistel
3105782,Sonchus asper,Native Sow-Thistle,Dornige Gänsedistel
3027159,Spiraea douglasii,Douglas Spiraea,Douglas' Spierstrauch
3026819,Spiraea tomentosa,Hardhack,Filziger Spierstrauch
8012439,Symphoricarpos albus,Common Snowberry,""
5415039,Syringa vulgaris,Common Lilac,Flieder
5284272,Taiwania cryptomerioides,Chinese coffintree,Taiwanien
6420771,Taxus media,Anglo-Japanese yew,""
2882841,Vaccinium macrocarpon,American Cranberry,Grossfruechtige Moosbeere
2882833,Vaccinium myrtillus,Bilberry,"Blaubeere, Heidelbeere"
2882940,Vaccinium oxycoccos,Cramberry,Gemeine Moosbeere
2882835,Vaccinium vitis-idaea,Alpine Cranberry,Kronsbeere
3172082,Veronica agrestis,Field Speedwell,Acker-Ehrenpreis
3172086,Veronica anagallis-aquatica,Blue Water Speedwell,Blauer Wasser-Ehrenpreis
3172048,Veronica arvensis,Common Speedwell,Feld-Ehrenpreis
3172099,Veronica austriaca,Austrian Speedwell,Oesterreicher Ehrenpreis
3172062,Veronica beccabunga,Brooklime,Bach-Ehrenpreis
3172092,Veronica catenata,Chain Speedwell,Blasser Gauchheil-Ehrenpreis
3172100,Veronica filiformis,Creeping Speedwell,Faden-Ehrenpreis
3172070,Veronica hederifolia,Ivy Leaved Speedwell,Efeu-Ehrenpreis
3172118,Veronica longifolia,Garden Speedwell,Artengruppe Strand-Ehrenpreis
3172049,Veronica officinalis,Common Gypsyweed,Echter Ehrenpreis
3172072,Veronica scutellata,Grass-leaf Speedwell,Schild-Ehrenpreis
3172057,Veronica serpyllifolia,Thyme Leaved Speedwell,Quendel-Ehrenpreis
3172059,Veronica spicata,Breckland Spiked Speedwell,Ähren-Ehrenpreis
3725447,Veronica sublobata,False Ivy-Leaved Speedwell,Hain-Efeuehrenpreis
3725062,Veronica teucrium,Large Speedwell,Grosser Ehrenpreis
2888625,Viburnum rhytidophyllum,Leatherleaf Arrowwood,Runzelblaettriger Schneeball
2775561,Yucca filamentosa,Adam's Needle,Faedige Palmlilie
7681436,Cytisus multiflorus,Portuguese broom,Vielblütiger Geißklee
2925366,Clerodendrum trichotomum,Chance Tree,Japanischer Losbaum
2928809,Lycium chinense,Chinese Teaplant,Chinesischer Bocksdorn
2685484,Abies alba,Christmastree,Silbertanne
2685361,Abies grandis,Giant Fir,Küsten-Tanne
2685552,Abies nordmanniana,Caucasian Fir,Nordmann-Tanne
2685308,Abies procera,Christmastree,Edel-Tanne
3190653,Ailanthus altissima,China-sumac,Chinesischer Götterbaum
3033896,Berberis thunbergii,Japanese Barberry,Thunberg-Berberitze
2984671,Buxus sempervirens,Box,Buchs
5284702,Cedrus atlantica,Atlantic cedar,Atlaszeder
2683866,Chamaecyparis lawsoniana,Ginger Pine,Lawson-Scheinzypresse
2885576,Chrysophyllum,Goldenleaf,""
4691,Croton laccifer,Euphorbia family,Wolfsmilchgewächse
5284237,Cryptomeria japonica,Japanese Cedar,Japanische Sicheltanne
5284278,Cunninghamia lanceolata,China-fir,""
2684030,Cupressus sempervirens,Italian Cypress,Echte Zypresse
2882780,Erica excelsa,Ericas,Glockenheide
2882316,Fagus sylvatica,Beech,Blutbuche
5361909,Ficus carica,Common Fig,Essfeige
5414222,Ilex aquifolium,English holly,Europäische Stechpalme
2686157,Larix kaempferi,Japanese Larch,Japanische Laerche
3172300,Ligustrum vulgare,Common Privet,Gemeiner Liguster
3153912,Magnolia stellata,Star Magnolia,Stern-Magnolie
5284231,Metasequoia glyptostroboides,Chinese redwood,Chinesisches Rotholz
5284884,Picea abies,Common Spruce,Fichte
5285385,Pinus mugo,Dwarf Mountain-pine,Berg-Foehre
5284809,Pinus nigra,Australian pine,Schwarz-Foehre
5284982,Pinus strobus,Eastern White Pine,Strobe
3040233,Populus alba,Abbey,Silber-Pappel
8190077,Populus canadensis,Canada poplar,Bastard-Schwarz-Pappel
3040227,Populus nigra,Black Cottonwood,Schwarz-Pappel
3040249,Populus tremula,Aspen,Aspe
3020791,Prunus avium,Bird Cherry,Herzkirsche
3021496,Prunus laurocerasus,Cherry Laurel,Kirschlorbeer
3021850,Prunus serotina,Black Cherry,Herbst-Traubenkirsche
3023221,Prunus spinosa,Blackthorn,Artengruppe Schlehe
3022668,Prunus virginiana,Bitter-berry,Virginische Trauben-Kirsche
2685796,Pseudotsuga menziesii,British Columbia Fir,Douglasfichte
5362573,Pyrus communis,Common Pear,Birnbaum
6664,Salix arbutifolia,Willow Family,Weidengewächse
5372876,Salix aurita,Eared Willow,Ohr-Weide
5372952,Salix caprea,Goat Willow,Sal-Weide
5372605,Salix cinerea,Common Sallow,Artengruppe Grau-Weide
5372554,Salix hastata,Halberd Willow,Spiessblaettrige Weide
5372647,Salix pentandra,Bay Willow,Lorbeer-Weide
5372800,Salix purpurea,Basket Willow,Lamberts Weide
9148812,Salix repens,Creeping Willow,Artengruppe Kriech-Weide
5372933,Salix viminalis,Basket willow,Hanfweide
2888723,Sambucus racemosa,American red elderberry,Bergholunder
2684120,Sequoiadendron giganteum,Bigtree,Berg-Mammutbaum
3012167,Sorbus aucuparia,European Mountain-ash,Eberesche
3012567,Sorbus torminalis,Wild Service-tree,Elsbeerbaum
3190465,Staphylea calciphila,Bladdernut,Pimpernuss
2684191,Taxodium distichum,Bald Cypress,Zweizeilige Sumpfzypresse
2684171,Thuja plicata,Canoe Cedar,Riesen-Lebensbaum
9410160,Torminalis glaberrima,Wild Service-tree,""
2687182,Tsuga canadensis,Black Hemlock,Hemlocktanne
2687210,Tsuga heterophylla,Pacific hemlock,Westamerikanische Hemlocktanne
5361866,Ulmus glabra,Broadleaf Elm,Berg-Ulme
7303616,Ulmus laevis,European White Elm,Bast-Ruester
5361865,Ulmus minor,Common Elm,Artengruppe Feld-Ulme
2888615,Viburnum lantana,Mealytree,Kleiner Mehlbaum
2888605,Viburnum opulus,Crampbark,Gemeiner Schneeball
7262908,Acer cappadocicum,Cappadocian Maple,Kolchischer Ahorn
2888323,Clethra alnifolia,Coastal Sweet Pepperbush,Erlenblättrige Zimterle
10792217,Ilex macrophylla,Holly,Stechpalmen
8149923,Prunus persica,Peach,""
5362445,Pyrus pyraster,Wild Pear,Holzbirne
5372639,Salix babylonica,Babylon Weeping Willow,(Echte) Trauerweide
5372875,Salix myrsinifolia,Blueberry Willow,Schwarz-Weide
2396,Citrus polyandra,Buchu Family,Rautengewächse
1879522,Eudonia laetella,"",""
2684865,Athrotaxis selaginoides,King Billy,""
2775619,Yucca gloriosa,Adam's Leedle,Kerzen-Palmlilie
2874199,Passiflora caerulea,Blue Passionflower,blaue Passionsblume
2876571,Alnus pubescens,"",""
2888585,Viburnum tinus,Laurestine,Lorbeer-Schneeball
2888636,Symphoricarpos orbiculatus,Buck Brush,Korallenbeere
2925562,Vitex agnus-castus,Chaste Tree,Keuschstrauch
2926992,Salvia hispanica,Chia,""
2927000,Salvia sclarea,Clary,Muskateller-Salbei
2928598,Ipomoea indica,Oceanblue Morningglory,indische Prunkwinde
2928835,Lycium barbarum,Barbary Matrimony-vine,Bocksdorn
2965331,Medicago varia,Sand Lucerne,Bastard-Luzerne
2984492,Celtis australis,European Hackberry,"Südlicher Zürgelbaum, Europäischer Z."
2986129,Ribes spicatum,Downy Currant,nordische Johannisbeere
2986131,Ribes multiflorum,manyflower currant,Troddel-Johannisbeere
3001270,Malus purpurea,Purple crab apple,""
3020871,Prunus lusitanica,Portugal Laurel,Portugiesischer Kirschlorbeer
3020980,Prunus amygdalus,Almond,Mandelbaum
3025093,Chamaemespilus alpina,"",""
3025858,Cotoneaster ambiguus,Ambiguous Cotoneaster,Zweifelhafte Zwergmispel
3026454,Spiraea salicifolia,Bridal-spray,Weidenblaettriger Spierstrauch
3035369,Eleutherococcus senticosus,Devil's Bush,Stachelpanax
3054287,Carya illinoiensis,Caryer,Hickory
3054302,Carya alba,Mockernut Hickory,""
3054325,Carya glabra,Common hickory,Ferkelnuß
3083932,Chenopodium vulvaria,Fish Guts Plant,Stink-Gänsefuß
3152377,Malva verticillata,Chinese Mallow,Krause Malve
3152873,Liriodendron chinense,Chinese Tulip Tree,Chinesischer Tulpenbaum
3169169,Celastrus orbiculatus,Asian Bittersweet,Rundblaettriger Baumwuerger
3172054,Veronica fruticans,Rock Speedwell,Felsen-Ehrenpreis
3172074,Veronica polita,Elegant speedwell,Glaenzender Ehrenpreis
3172104,Veronica peregrina,American Speedwell,Drüsen-Fremd-Ehrenpreis
3172116,Veronica verna,Spring Speedwell,Fruehlings-Ehrenpreis
3172119,Veronica triphyllos,Finger speedwell,Dreiblättriger Ehrenpreis
3172347,Fraxinus ornus,Manna Ash,Blumen-Esche
3189828,Aesculus parviflora,Bottlebrush Buckeye,Flaschenbürstenkastanie
3190522,Cotinus coggygria,European Smoketree,Europäischer Perückenstrauch
3645663,Hydrangea aspera,rough-leaf hydrangea,raue Hortensie
3702531,Hamamelis intermedia,"",""
3855595,Symphoricarpos chenaultii,Chenault coralberry,Bastard-Korallenbeere
3935079,Malva arborea,Tree Mallow,Baum-Malve
3940394,Malva tournefortiana,"",""
3940423,Malva thuringiaca,Eastern Tree-mallow,Thüringer Strauchpappel
5331629,Betula humilis,Shrubby Birch,Niedrige Birke
5352221,Robinia hispida,Bristly Locust,""
5353590,Cercis siliquastrum,Judas Tree,Gewöhnlicher Judasbaum
5356805,Cytisus nigricans,Black Broom,Schwarzwerdender Geissklee
5361889,Morus alba,Asian Mulberry,Weisser Maulbeerbaum
5361944,Broussonetia papyrifera,Paper Mulberry,Papiermaulbeerbaum
5384038,Opuntia phaeacantha,Brown-spined Prickly-pear,Mattstacheliger Feigenkaktus
5384047,Opuntia humifusa,Creeping prickly-pear,Gemeine Opuntie
5384064,Opuntia ficus-indica,Barbary fig,Feigenkaktus
5414540,Swertia perennis,Alpinebog Swertia,Blauer Sumpfstern
5420901,Punica granatum,Pomegranate,Granatapfel
7102937,Euonymus japonicus,Evergreen Spindle,Japanisches Pfaffenhuetchen
7266360,Populus lasiocarpa,Chinese necklace poplar,Großblatt-Pappel
7433196,Euonymus latifolius,Large-Leaved Spindle,Breitblaettriger Spindelstrauch
8956987,Alnus alnobetula,European Green Alder,Alpen-Erle
9508936,Karpatiosorbus meyeri,"",""
6688,Cinnamomum cassia,Bay Family,Lorbeergewächse
3172297,Ligustrum lucidum,Broadleaf Privet,Baum-Liguster
3153837,Magnolia acuminata,Cucumber-tree,Gelbblütige Gurken-Magnolien
5284827,Picea sitchensis,Sitka Spruce,Sitka-Fichte
5285053,Pinus ponderosa,Bull Pine,Gelb-Kiefer
5285332,Pinus uncinata,Mountain Pine,Aufrechte Bergföhre
3040184,Populus balsamifera,Balsam Poplar,Balsam-Pappel
3032442,Rhodotypos scandens,Black Jetbead,Scheinkerrie
5583213,Salix appendiculata,"",Artengruppe Großblättrige Weide
5373055,Salix bebbiana,Aridland willow,""
9153437,Salix daphnoides,European Violet-Willow,Reif-Weide
5372655,Salix eleagnos,Bitter Willow,Lavendel-Weide
5372829,Salix fragilis,Brittle Willow,Bruch-Weide
7266759,Salix starkeana,Bebb willow,Bleiche Weide
2683909,Sequoia sempervirens,California Redwood,Küstenmammutbaum
2684178,Thuja occidentalis,American Arbor-Vitae,Abendländischer Lebensbaum
9573476,Aria danubialis,"",""
8317978,Arctostaphylos alpinus,Alpine Bearberry,Alpen-Baerentraube
9413479,Atadinus pumilus,,
5332004,Betula nana,Arctic dwarf birch,Zwerg-Birke
3082270,Cornus canadensis,Bunchberry,Kanadischer Hartriegel
1879534,Eudonia murana,Moorland Grey,
1879567,Eudonia petrophila,,
7601217,Kalmia procumbens,,
7481528,Portulacaria fruticulosa,Dwarf Porkbush,
2407,Rhamnus alpina,Blinkblaars and Dogwoods,Kreuzdorngewächse
2988765,Rubus nemorosus,,Hain-Haselblatt-Brombeere
3105650,Sonchus palustris,Marsh Sow-thistle,Sumpf-Gaensedistel
3105729,Sonchus pendulus,,
2882849,Vaccinium corymbosum,American Blueberry,Amerikanische Blaubeere
1852751,Blastobasis phycidella,Hampshire Dowd,Graue Nadelwaldmotte
1879703,Eudonia sudetica,,Kleiner Alpen-Mooszünsler
2684410,Juniperus horizontalis,American Savin,Kriech-Wacholder
2876176,Alnus rubra,Oregon alder,
2882486,Arctostaphylos spec,Bearberries,Bärentraube
2928589,Ipomoea tricolor,Garden Morning Glory,Himmelblaue Prunkwinde
2928775,Nicotiana rustica,Aztec Tobacco,Bauern-Tabak
2963817,Lupinus luteus,Annual Yellow-lupin,Gelbe Lupine
2977323,Wisteria floribunda,"Common Wisteria, Japanese Wisteria",Japanische Wisteria
2984372,Neraudia ovata,Big Island Ma'oloa,
3013688,Crataegus macrocarpa,,Großfrüchtiger Weißdorn
3013800,Crataegus media,intermediate hawthorn,Mittlerer Weißdorn
3025770,Cotoneaster acutifolius,Ampfield Cotoneaster,Peking-Zwergmispel
3026406,Spiraea chamaedryfolia,Elm-Leaved Spiraea,Gamander-Spierstrauch
3033898,Berberis ottawensis,Ottawa Barberry,
3083903,Chenopodium opulifolium,Broad-Leaved Goosefoot,Schneeball-Gänsefuß
3083905,Chenopodium suecicum,Swedish Goosefoot,Grüner Gänsefuß
3085191,Celosia argentea,Cockscomb,Hahnenkamm
3169120,Euonymus alatus,Burning Bush,Flügel-Spindelstrauch
3172050,Veronica alpina,Alpine Speedwell,Alpen-Ehrenpreis
3172053,Veronica dillenii,Dillenius' Speedwell,Dillenius' Ehrenpreis
3172071,Veronica opaca,Broadsepal Speedwell,Glanzloser Ehrenpreis
3189530,Hypericum majus,Greater Canadian St. John's-wort,Grosses Johanniskraut
5331779,Betula alleghaniensis,Gray birch,Gelb-Birke
5380041,Ricinus communis,Castor,Palma Christi
8093727,Amelanchier embergeri,,Emberger-Felsenbirne
9312105,Hedlundia mougeotii,Mougeot's Whitebeam,Berg-Mehlbeerbaum
9384949,Karpatiosorbus badensis,,
9394023,Karpatiosorbus hoppeana,,
9447396,Hedlundia pulchra,,Gößweinsteiner Mehlbeere
9453938,Aria collina,,Hügel-Mehlbeere
9477048,Hedlundia pseudothuringiaca,,Hersbrucker Mehlbeere
9517201,Karpatiosorbus meierottii,,
9527019,Karpatiosorbus franconica,,
9565114,Karpatiosorbus eystettensis,,
5354707,Cytisus striatus,Hairy Fruited Broom,Gestreifter Ginster
5285134,Pinus cembra,Arolla Pine,Arve
2995779,Rubus bifrons,European Blackberry,Zweifarbige Brombeere
5583850,Salix glabra,Glabrous willow,Kahle Weide
7482782,Salix myrtilloides,Swamp Willow,Heidelbeer-Weide
5284682,Cedrus libani,Cedar of Lebanon,
5333410,Erica arborea,Tree Heath,
7946667,Erica scoparia,besom heath,Besenheide
5285533,Pinus banksiana,Banksian Pine,Banks Kiefer
3040215,Populus tremuloides,American Aspen,amerikanische Espe
