"level3_species","species_key","de_observations","common_name_en"
"Fagus sylvatica",2882316,20441,"Beech"
"Dryocopus martius",2477872,11353,"Black Woodpecker"
"Cupania sylvatica",6657,10609,"Litchi family"
"Vaccinium myrtillus",2882833,10424,"Bilberry"
"Prunus padus",3021037,7988,"Bird Cherry"
"Sorbus aucuparia",3012167,7799,"European Mountain-ash"
"Croton laccifer",4691,7022,"Euphorbia family"
"Prunus spinosa",3023221,6487,"Blackthorn"
"Ilex aquifolium",5414222,5998,"English holly"
"Sambucus racemosa",2888723,5972,"American red elderberry"
"Corylus avellana",2875979,5079,"Barcelona-nuts"
"Euonymus europaeus",3169131,4815,"Common Spindle"
"Viburnum lantana",2888615,3989,"Mealytree"
"Quercus oblongata",2877951,3854,"Acorn"
"Schefflera macrophylla",8800,3818,"Aralia and Ivy family"
"Viburnum opulus",2888605,3728,"Crampbark"
"Sambucus ebulus",2888722,3234,"Danewort"
"Carpinus betulus",2875818,2991,"Caucasian Hornbeam"
"Populus tremula",3040249,2796,"Aspen"
"Cornus sanguinea",3082234,2636,"Bloodtwig dogwood"
"Cytisus scoparius",5354656,2588,"Broom"
"Sambucus nigra",2888728,2534,"Black Elder"
"Vaccinium vitis-idaea",2882835,2492,"Alpine Cranberry"
"Veronica officinalis",3172049,2483,"Common Gypsyweed"
"Alnus glutinosa",2876213,2299,"Alder"
"Prunus serotina",3021850,1964,"Black Cherry"
"Salvia pratensis",2927007,1776,"Introduced sage"
"Castanea sativa",5333294,1760,NA
"Erigeron annuus",3117449,1750,"Annual Fleabane"
"Cornus mas",3082263,1734,"Cornejo Macho"
"Fraxinus excelsior",3172358,1670,"Ash"
"Ligustrum vulgare",3172300,1529,"Common Privet"
"Aesculus spec",3189801,1442,"Buckeye"
"Veronica beccabunga",3172062,1398,"Brooklime"
"Picea abies",5284884,1222,"Common Spruce"
"Berberis vulgaris",3033894,1184,"Barberry"
"Erica excelsa",2882780,1179,"Ericas"
"Pinus sylvestris",5285637,1131,NA
"Robinia pseudoacacia",5352251,1094,"Black Locust"
"Prunus avium",3020791,1053,"Bird Cherry"
"Hypericum perforatum",3189486,972,"Common St. John's Wort"
"Salvia glutinosa",2927026,948,"Jupiter's distaff"
"Frangula alnus",3039454,921,"Alder Buckthorn"
"Rhamnus cathartica",3039491,892,"Buckthorn"
"Populus alba",3040233,868,"Abbey"
"Viburnum rhytidophyllum",2888625,843,"Leatherleaf Arrowwood"
"Mahonia aquifolium",3033865,835,"Hollyleaved Barberry"
"Taxus baccata",5284517,789,"Canada Yew"
"Dombeya acerifolia",6685,780,"Mallow Family"
"Veronica persica",3172077,771,"Bird's Eye Speedwell"
"Crataegus monogyna",9220780,761,NA
"Betula pendula",5331916,756,"Common Birch"
"Sonchus asper",3105782,748,NA
"Prunus laurocerasus",3021496,747,"Cherry Laurel"
"Crataegus laevigata",8252683,736,"English hawthorn"
"Prunus mahaleb",3022789,703,"Gandhi cherry"
"Symphoricarpos albus",8012439,701,"Common Snowberry"
"Ribes alpinum",2986184,685,"Alpine currant"
"Medicago lupulina",2965201,655,"Black Medic"
"Vaccinium oxycoccos",2882940,653,"Cramberry"
"Citrus polyandra",2396,639,"Buchu Family"
"Larix decidua",2686212,637,"Common Larch"
"Cydonia oblonga",5362215,620,"Common Quince"
"Syringa vulgaris",5415039,587,"Common Lilac"
"Salix caprea",5372952,572,"Goat Willow"
"Chenopodium album",3083838,567,"Common Lambsquarters"
"Prunus cerasifera",3021730,558,"Cherry Plum"
"Veronica hederifolia",3172070,557,"Ivy Leaved Speedwell"
"Malva moschata",3152379,509,NA
"Juglans regia",3054368,493,"Carpathian Walnut"
"Phytolacca americana",3084015,489,"American Nightshade"
"Salix arbutifolia",6664,483,"Willow Family"
"Ulmus glabra",5361866,462,"Broadleaf Elm"
"Veronica serpyllifolia",3172057,457,"Thyme Leaved Speedwell"
"Pseudotsuga menziesii",2685796,435,"British Columbia Fir"
"Abies alba",2685484,415,"Christmastree"
"Ribes sanguineum",2986130,412,"Flowering Currant"
"Ribes uva-crispa",2986185,411,"Common-gooseberry"
"Taxodium distichum",2684191,403,"Bald Cypress"
"Ambrosia artemisiifolia",8002952,401,"Annual Ragweed"
"Rhus typhina",3190538,383,NA
"Staphylea calciphila",3190465,381,"Bladdernut"
"Ribes rubrum",2986097,352,"Common Currant"
"Berberis thunbergii",3033896,341,"Japanese Barberry"
"Myrica gale",5414202,340,"Bog-myrtle"
"Docynia delavayi",3001068,331,"Apple"
"Malva sylvestris",3152374,314,"Blue Mallow"
"Veronica sublobata",3725447,306,"False Ivy-Leaved Speedwell"
"Hypericum humifusum",3189543,291,NA
"Sonchus arvensis",3105813,286,"Corn Sow Thistle"
"Eudonia lacustrata",1879731,285,"Little Grey"
"Veronica arvensis",3172048,271,"Common Speedwell"
"Veronica filiformis",3172100,269,"Creeping Speedwell"
"Amelanchier ovalis",3023878,268,"Snowy Mespilus"
"Phytolacca acinosa",3084022,261,"American Pokeweed"
"Polygala vulgaris",3191374,251,"Common Milkwort"
"Veronica teucrium",3725062,244,"Large Speedwell"
"Sorbus torminalis",3012567,241,"Wild Service-tree"
"Medicago falcata",2965354,236,"Sickle Medick"
"Buddleja davidii",3173338,234,"Buddleia"
"Buxus sempervirens",2984671,218,"Box"
"Alnus incana",9148577,211,"Gray Alder"
"Ailanthus altissima",3190653,207,"China-sumac"
"Pinus strobus",5284982,199,"Eastern White Pine"
"Torminalis glaberrima",9410160,198,"Wild Service-tree"
"Aristolochia clematitis",2873991,189,"Birthwort"
"Mespilus germanica",3031774,182,"Medlar"
"Crataegus mollis",3015562,167,"Arnold Hawthorn"
"Betula pubescens",9118014,159,"Brown Birch"
"Salix aurita",5372876,154,"Eared Willow"
"Ulmus minor",5361865,140,"Common Elm"
"Malva alcea",3152365,137,"Cut-leaf Mallow"
"Ulmus laevis",7303616,137,"European White Elm"
"Populus nigra",3040227,135,"Black Cottonwood"
"Cormus domestica",3013215,130,"Service-tree"
"Salix purpurea",5372800,129,"Basket Willow"
"Pyrus communis",5362573,128,"Common Pear"
"Laburnum anagyroides",5356345,126,"Common Laburnum"
"Eudonia mercurella",1879765,121,"Garden Grey"
"Euonymus fortunei",3169137,120,"Climbing Euonymus"
"Veronica spicata",3172059,118,"Breckland Spiked Speedwell"
"Lithocarpus indutus",5332399,113,NA
"Ribes nigrum",2986192,112,"Black Currant"
"Prunus domestica",7931731,106,"Bullace plum"
"Salvia officinalis",2927004,105,"Common Sage"
"Ptelea trifoliata",3190411,102,"American Hop Tree"
"Sonchus palustris",3105650,101,"Marsh Sow-thistle"
"Malva neglecta",3152373,97,"Buttonweed"
"Medicago varia",2965331,95,"Sand Lucerne"
"Paulownia tomentosa",3170823,95,"Empresstree"
"Pinus mugo",5285385,94,"Dwarf Mountain-pine"
"Abies grandis",2685361,91,"Giant Fir"
"Salvia verticillata",2926995,91,"Lilac Sage"
"Ribes aureum",2986111,86,"Buffalo Currant"
"Salix cinerea",5372605,86,"Common Sallow"
"Euphorbia palustris",3064056,82,"Marsh Spurge"
"Pyracantha coccinea",2988188,82,"Firethorn"
"Chaenomeles japonica",3000610,81,"Flowering-quince"
"Veronica scutellata",3172072,80,"Grass-leaf Speedwell"
"Salix viminalis",5372933,77,"Basket willow"
"Swertia perennis",5414540,77,"Alpinebog Swertia"
"Juglans nigra",3054357,76,"American walnut"
"Cotoneaster horizontalis",3025617,72,NA
"Chenopodium ficifolium",3083862,70,"Fig-leaf Goosefoot"
"Cytisus nigricans",5356805,67,"Black Broom"
"Isotrema macrophyllum",2873995,66,"Dutchman's-pipe"
"Veronica longifolia",3172118,66,"Garden Speedwell"
"Cotoneaster integerrimus",3025576,64,"Common Cotoneaster"
"Catalpa bignonioides",3172615,61,"American catalpa"
"Cotinus coggygria",3190522,61,"European Smoketree"
"Salix repens",9148812,58,"Creeping Willow"
"Eudonia truncicolella",1879630,57,"Ground-moss Grey"
"Chamaecyparis lawsoniana",2683866,55,"Ginger Pine"
"Pinus nigra",5284809,55,"Australian pine"
"Amelanchier lamarckii",3024109,53,"Juneberry"
"Alnus alnobetula",8956987,52,"European Green Alder"
"Rhododendron ferrugineum",2883073,52,"Alpenrose"
"Rubus bifrons",2995779,51,"European Blackberry"
"Euonymus latifolius",7433196,50,"Large-Leaved Spindle"
"Thuja plicata",2684171,50,"Canoe Cedar"
"Lycium barbarum",2928835,48,"Barbary Matrimony-vine"
"Veronica anagallis-aquatica",3172086,48,"Blue Water Speedwell"
"Sequoiadendron giganteum",2684120,47,"Bigtree"
"Polygala serpyllifolia",3191414,45,"Heath Milkwort"
"Corylus colurna",2875968,43,"Byzantine filbert"
"Salix eleagnos",5372655,42,"Bitter Willow"
"Berberis julianae",3981543,41,"Berberis lempergiana"
"Nicotiana tabacum",2928774,41,"Cultivated tobacco"
"Medicago minima",8073758,40,"Bur Medick"
"Chamaemespilus alpina",3025093,37,NA
"Cornus alba",8365953,37,"Red-bark Dogwood"
"Salvia nemorosa",2927028,37,"Balkan Clary"
"Elaeagnus angustifolia",3039269,36,"Oleaster"
"Hibiscus syriacus",3152583,34,"Althea"
"Liriodendron tulipifera",3152861,34,"American tuliptree"
"Salix pentandra",5372647,33,"Bay Willow"
"Salix triandra",7103891,33,"Almond Willow"
"Spiraea douglasii",3027159,33,"Douglas Spiraea"
"Veronica triphyllos",3172119,32,"Finger speedwell"
"Prunus cerasus",3021922,31,"Amarelle Cherry"
"Populus canadensis",8190077,30,"Canada poplar"
"Pterocarya fraxinifolia",8288647,30,"Caucasian Walnut"
"Cornus sericea",3082244,29,"American dogwood"
"Fraxinus pennsylvanica",3172348,29,"Downy Ash"
"Aria collina",9453938,28,NA
"Prunus armeniaca",7818643,28,"Apricot"
"Abutilon theophrasti",3152614,27,"Abutilon-hemp"
"Prunus persica",8149923,27,"Peach"
"Rhamnus saxatilis",6371028,27,"Rock Buckthorn"
"Corylus maxima",2876049,26,"Filbert"
"Salix fragilis",5372829,26,"Brittle Willow"
"Pyrus pyraster",5362445,24,"Wild Pear"
"Larix kaempferi",2686157,23,"Japanese Larch"
"Tsuga heterophylla",2687210,23,"Pacific hemlock"
"Veronica catenata",3172092,23,"Chain Speedwell"
"Erigeron sumatrensis",3146683,22,"Bilbao fleabane, Tall Fleabane"
"Vaccinium macrocarpon",2882841,22,"American Cranberry"
"Ficus carica",5361909,21,"Common Fig"
"Prunus virginiana",3022668,20,"Bitter-berry"
"Salix babylonica",5372639,20,"Babylon Weeping Willow"
"Tsuga canadensis",2687182,20,"Black Hemlock"
"Veronica agrestis",3172082,20,"Field Speedwell"
"Oxalis dillenii",2891677,19,"Common Yellow Woodsorrel"
"Platanus hispanica",7400250,19,"American Plane"
"Salix myrsinifolia",5372875,19,"Blueberry Willow"
"Symphoricarpos chenaultii",3855595,19,"Chenault coralberry"
"Eudonia delunella",1879735,18,"Pied Grey"
"Rhododendron groenlandicum",2882984,18,"Bog Labrador Tea"
"Ilex macrophylla",10792217,17,"Holly"
"Pinus uncinata",5285332,17,"Mountain Pine"
"Spiraea salicifolia",3026454,17,"Bridal-spray"
"Ginkgo biloba",2687885,16,"Common Ginkgo"
"Gleditsia triacanthos",2959443,16,"Common Honey-locust"
"Salix appendiculata",5583213,16,NA
"Veronica verna",3172116,16,"Spring Speedwell"
"Rhamnus alpina",2407,15,"Blinkblaars and Dogwoods"
"Veronica polita",3172074,15,"Elegant speedwell"
"Fraxinus ornus",3172347,14,"Manna Ash"
"Veronica austriaca",3172099,14,"Austrian Speedwell"
"Caragana arborescens",2943190,13,"Black Karagana"
"Arctostaphylos alpinus",8317978,12,"Alpine Bearberry"
"Aria danubialis",9573476,12,NA
"Blastobasis phycidella",1852751,12,"Hampshire Dowd"
"Metasequoia glyptostroboides",5284231,12,"Chinese redwood"
"Rhododendron ponticum",7327990,12,"Pontian rhododendron"
"Veronica fruticans",3172054,12,"Rock Speedwell"
"Chenopodium giganteum",3756077,11,"Tree Spinach"
"Hypericum androsaemum",3189525,11,"Bible-leaf"
"Kalmia angustifolia",2883007,11,"Dwarf-laurel"
"Picea sitchensis",5284827,11,"Sitka Spruce"
"Pinus cembra",5285134,11,"Arolla Pine"
"Rubus pruinosus",2988972,11,"Pruinose Bramble"
"Betula humilis",5331629,10,"Shrubby Birch"
"Deutzia scabra",2985965,10,"Deutzia"
"Hibiscus trionum",3152560,10,"Bladder Ketmia"
"Picea pungens",5284871,10,"Blue Spruce"
"Salix hastata",5372554,10,"Halberd Willow"
"Vaccinium corymbosum",2882849,10,"American Blueberry"
"Abies nordmanniana",2685552,9,"Caucasian Fir"
"Salvia sclarea",2927000,9,"Clary"
"Veronica dillenii",3172053,9,"Dillenius' Speedwell"
"Arctostaphylos spec",2882486,8,"Bearberries"
"Heliotropium europaeum",2925767,8,"European Turn-sole"
"Ipomoea purpurea",2928576,8,"Annual Morning Glory"
"Opuntia humifusa",5384047,8,"Creeping prickly-pear"
"Salix daphnoides",9153437,8,"European Violet-Willow"
"Symphoricarpos orbiculatus",2888636,8,"Buck Brush"
"Thuja occidentalis",2684178,8,"American Arbor-Vitae"
"Aesculus carnea",3189809,7,"Red Horse-chestnut"
"Aucuba japonica",3033077,7,"Japanese acuba"
"Medicago arabica",2965527,7,"Burclover"
"Pinus ponderosa",5285053,7,"Bull Pine"
"Populus canescens",3040185,7,"Gray Poplar"
"Ambrosia psilostachya",3110686,6,"Cuman Ragweed"
"Betula nana",5332004,6,"Arctic dwarf birch"
"Veronica peregrina",3172104,6,"American Speedwell"
"Veronica triloba",3724778,6,"Trilobed Speedwell"
"Abies procera",2685308,5,"Christmastree"
"Acer pseudoplatanus",3189870,5,NA
"Alnus pubescens",2876571,5,NA
"Amelanchier embergeri",8093727,5,NA
"Aralia elata",3036892,5,"Japanese Angelica Tree"
"Cedrus atlantica",5284702,5,"Atlantic cedar"
"Chenopodium vulvaria",3083932,5,"Fish Guts Plant"
"Cryptomeria japonica",5284237,5,"Japanese Cedar"
"Hamamelis mollis",7889215,5,"Chinese witch hazel"
"Hypericum calycinum",3189497,5,"Aaron's beard"
"Lupinus luteus",2963817,5,"Annual Yellow-lupin"
"Malva thuringiaca",3940423,5,"Eastern Tree-mallow"
"Malva trimestris",3940326,5,"Royal Mallow"
"Morus alba",5361889,5,"Asian Mulberry"
"Opuntia phaeacantha",5384038,5,"Brown-spined Prickly-pear"
"Ricinus communis",5380041,5,"Castor"
"Abies concolor",2685580,4,"Balsam Fir"
"Acer campestre",3189863,4,"Field Maple"
"Actinidia chinensis",3189694,4,"Chinese gooseberry"
"Atadinus pumilus",9413479,4,NA
"Cercis siliquastrum",5353590,4,"Judas Tree"
"Clethra alnifolia",2888323,4,"Coastal Sweet Pepperbush"
"Erigeron strigosus",3146632,4,"Common Eastern Fleabane"
"Eudonia murana",1879534,4,"Moorland Grey"
"Hedlundia pseudothuringiaca",9477048,4,NA
"Kalmia procumbens",7601217,4,NA
"Ligustrum ovalifolium",3172291,4,"California Privet"
"Liquidambar styraciflua",3152824,4,"Alligator-wood"
"Lycium chinense",2928809,4,"Chinese Teaplant"
"Picea omorika",5284950,4,"Serbian Spruce"
"Populus balsamifera",3040184,4,"Balsam Poplar"
"Prunus lusitanica",3020871,4,"Portugal Laurel"
"Rhodotypos scandens",3032442,4,"Black Jetbead"
"Ribes spicatum",2986129,4,"Downy Currant"
"Salix glabra",5583850,4,"Glabrous willow"
"Salvia hispanica",2926992,4,"Chia"
"Spiraea tomentosa",3026819,4,"Hardhack"
"Veronica alpina",3172050,4,"Alpine Speedwell"
"Viburnum tinus",2888585,4,"Laurestine"
"Acericecis vitrina",4521814,3,NA
"Araucaria araucana",2684984,3,"Chile pine"
"Carya glabra",3054325,3,"Common hickory"
"Catalpa speciosa",3172612,3,"Northern Catalpa"
"Celtis australis",2984492,3,"European Hackberry"
"Chaenomeles speciosa",3000679,3,"Chinese Quince"
"Cotoneaster acutifolius",3025770,3,"Ampfield Cotoneaster"
"Crataegus media",3013800,3,"intermediate hawthorn"
"Cytisus multiflorus",7681436,3,"Portuguese broom"
"Elaeagnus umbellata",3039267,3,"Autumn Elaeagnus"
"Erigeron bonariensis",3146717,3,"Argentine Fleabane"
"Eudonia laetella",1879522,3,NA
"Hydrangea macrophylla",2985994,3,"Bigleaf Hydrangea"
"Karpatiosorbus hoppeana",9394023,3,NA
"Morus nigra",5361888,3,"Black Mulberry"
"Nicotiana rustica",2928775,3,"Aztec Tobacco"
"Populus trichocarpa",6362904,3,"Balsam Poplar"
"Salix starkeana",7266759,3,"Bebb willow"
"Sequoia sempervirens",2683909,3,"California Redwood"
"Spiraea chamaedryfolia",3026406,3,"Elm-Leaved Spiraea"
"Aesculus parviflora",3189828,2,"Bottlebrush Buckeye"
"Alnus rubra",2876176,2,"Oregon alder"
"Amelanchier arborea",3024052,2,"Allegheny Serviceberry"
"Aralia californica",3037060,2,"California Spikenard"
"Berberis ottawensis",3033898,2,"Ottawa Barberry"
"Broussonetia papyrifera",5361944,2,"Paper Mulberry"
"Castanea dentata",5333230,2,"American Chestnut"
"Celastrus orbiculatus",3169169,2,"Asian Bittersweet"
"Celosia argentea",3085191,2,"Cockscomb"
"Cercidiphyllum japonicum",8060423,2,"Katsura"
"Chenopodium opulifolium",3083903,2,"Broad-Leaved Goosefoot"
"Cornus canadensis",3082270,2,"Bunchberry"
"Cornus suecica",3082246,2,"Dwarf Cornel"
"Cotoneaster ambiguus",3025858,2,"Ambiguous Cotoneaster"
"Cotoneaster microphyllus",3025626,2,"Small-Leaved Cotoneaster"
"Crataegus crus-galli",3013404,2,"Bush Hawthorn"
"Crataegus rhipidophylla",9047268,2,"Calycine Hawthorn"
"Cupressus sempervirens",2684030,2,"Italian Cypress"
"Cytisus striatus",5354707,2,"Hairy Fruited Broom"
"Eudonia petrophila",1879567,2,NA
"Eudonia sudetica",1879703,2,NA
"Euonymus alatus",3169120,2,"Burning Bush"
"Gaultheria procumbens",2882753,2,"Checkerberry"
"Hedlundia mougeotii",9312105,2,"Mougeot's Whitebeam"
"Karpatiosorbus eystettensis",9565114,2,NA
"Karpatiosorbus meyeri",9508936,2,NA
"Malus purpurea",3001270,2,"Purple crab apple"
"Malus transitoria",3001632,2,"Small-fruited Crab Apple"
"Malva arborea",3935079,2,"Tree Mallow"
"Malva verticillata",3152377,2,"Chinese Mallow"
"Nicotiana plumbaginifolia",2928768,2,"Tex-Mex Tobacco"
"Opuntia ficus-indica",5384064,2,"Barbary fig"
"Opuntia howeyi",5619437,2,NA
"Pereskia bleo",2519,2,"Cacti"
"Pinus rigida",5285635,2,"Hard Pine"
"Prunus amygdalus",3020980,2,"Almond"
"Punica granatum",5420901,2,NA
"Ribes multiflorum",2986131,2,"manyflower currant"
"Salix myrtilloides",7482782,2,"Swamp Willow"
"Syringa komarowii",6433201,2,"Nodding Lilac"
"Taiwania cryptomerioides",5284272,2,"Chinese coffintree"
"Tilia europaea",3152046,2,"Common Lime"
"Veronica opaca",3172071,2,"Broadsepal Speedwell"
"Vitex agnus-castus",2925562,2,"Chaste Tree"
"Wisteria floribunda",2977323,2,"Common Wisteria, Japanese Wisteria"
"Yucca filamentosa",2775561,2,"Adam's Needle"
"Yucca gloriosa",2775619,2,"Adam's Leedle"
"Acer cappadocicum",7262908,1,"Cappadocian Maple"
"Acer griseum",3768452,1,"Chinese Paperbark Maple"
"Acer monspessulanum",7262958,1,"Montpellier Maple"
"Acer negundo",3189866,1,"Ash-leaf Maple"
"Acer platanoides",3189846,1,NA
"Aesculus glabra",3189806,1,"American Buckeye"
"Alnus cordata",2876607,1,"Alder of Corsica"
"Asimina spec",3158021,1,"Paw Paws"
"Athrotaxis selaginoides",2684865,1,"King Billy"
"Betula alleghaniensis",5331779,1,"Gray birch"
"Betula papyrifera",5332120,1,"American white birch"
"Brugmansia suaveolens",5341758,1,"Angel's tears"
"Calycanthus floridus",3034113,1,"Carolina Allspice"
"Carya alba",3054302,1,"Mockernut Hickory"
"Carya illinoiensis",3054287,1,"Caryer"
"Cedrus libani",5284682,1,"Cedar of Lebanon"
"Celtis occidentalis",2984481,1,"American Hackberry"
"Chamaerops humilis",2736625,1,"Dwarf Fan Palm"
"Chenopodium berlandieri",3083920,1,"Berlandier's goosefoot"
"Chenopodium suecicum",3083905,1,"Swedish Goosefoot"
"Chrysophyllum",2885576,1,"Goldenleaf"
"Cinnamomum cassia",6688,1,"Bay Family"
"Clerodendrum trichotomum",2925366,1,"Chance Tree"
"Colotis euippe",1920370,1,"Round Winged Orange Tip"
"Cornus kousa",3082274,1,"Chinese Dogwood"
"Crataegus azarolus",3013739,1,"Azarole"
"Crataegus coccinea",7790614,1,"Pear-Fruited Cockspur-Thorn"
"Crataegus macrocarpa",3013688,1,NA
"Cunninghamia lanceolata",5284278,1,"China-fir"
"Cytisus villosus",5354639,1,"Hairybroom"
"Eleutherococcus senticosus",3035369,1,"Devil's Bush"
"Erica arborea",5333410,1,"Tree Heath"
"Erica scoparia",7946667,1,"besom heath"
"Euonymus japonicus",7102937,1,"Evergreen Spindle"
"Fraxinus angustifolia",7325877,1,"Algerian Ash"
"Hamamelis intermedia",3702531,1,NA
"Hamamelis virginiana",3152827,1,"American Witchhazel"
"Hedlundia hybrida",9245228,1,"Finnish Whitebeam"
"Hedlundia pulchra",9447396,1,NA
"Hedlundia thuringiaca",9471386,1,NA
"Hydrangea aspera",3645663,1,"rough-leaf hydrangea"
"Hydrangea quercifolia",2985993,1,"oak-leaf hydrangea"
"Hypericum majus",3189530,1,"Greater Canadian St. John's-wort"
"Ipomoea indica",2928598,1,"Oceanblue Morningglory"
"Ipomoea tricolor",2928589,1,"Garden Morning Glory"
"Juniperus horizontalis",2684410,1,"American Savin"
"Juniperus squamata",2684690,1,"Flaky Juniper"
"Karpatiosorbus badensis",9384949,1,NA
"Karpatiosorbus franconica",9527019,1,NA
"Karpatiosorbus hybrida",9478021,1,"Whitebeam [Sorbus decipiens]"
"Karpatiosorbus meierottii",9517201,1,NA
"Laburnum alpinum",5356343,1,"Alpine Laburnum"
"Ligustrum lucidum",3172297,1,"Broadleaf Privet"
"Liquidambar orientalis",3152825,1,"Oriental Sweetgum"
"Liriodendron chinense",3152873,1,"Chinese Tulip Tree"
"Lonicera maackii",7902463,1,"Amur Honeysuckle"
"Magnolia acuminata",3153837,1,"Cucumber-tree"
"Magnolia soulangeana",7925303,1,"Chinese magnolia"
"Magnolia stellata",3153912,1,"Star Magnolia"
"Mahonia japonica",7828251,1,"Japanese ashberry"
"Mahonia repens",3033850,1,"Oregon barberry"
"Malus prunifolia",3001157,1,"Chinese Apple"
"Malva pusilla",3152372,1,"Dwarf Mallow"
"Malva tournefortiana",3940394,1,NA
"Neraudia ovata",2984372,1,"Big Island Ma'oloa"
"Nothofagus obliqua",2874984,1,"roble beech"
"Ocimum basilicum",2927096,1,"Basil"
"Oxalis montana",2891760,1,"American wood-sorrel"
"Passiflora caerulea",2874199,1,"Blue Passionflower"
"Pieris japonica",2882631,1,"Heath"
"Pinus banksiana",5285533,1,"Banksian Pine"
"Planchonella eerwah",5334125,1,"shiny-leaf coondoo"
"Platycladus orientalis",2684855,1,"Chinese Thuja"
"Populus lasiocarpa",7266360,1,"Chinese necklace poplar"
"Populus tremuloides",3040215,1,"American Aspen"
"Portulacaria fruticulosa",7481528,1,"Dwarf Porkbush"
"Prunus incisa",3021955,1,"Fuji Cherry"
"Prunus subhirtella",3021229,1,"Higan cherry"
"Prunus triloba",3023130,1,"Flowering plum"
"Quercus rubra",2880539,1,"Northern Red Oak"
"Rehdera trinervis",7297561,1,NA
"Robinia hispida",5352221,1,"Bristly Locust"
"Rubus nemorosus",2988765,1,NA
"Salix bebbiana",5373055,1,"Aridland willow"
"Salix meyeriana",7580239,1,"shiny-leaf willow"
"Salix rosmarinifolia",7104059,1,NA
"Sigesbeckia jorullensis",3125893,1,"Siegesbeckie"
"Sonchus acaulis",3105715,1,"giant dandelion"
"Sonchus pendulus",3105729,1,NA
"Sonchus tenerrimus",3105768,1,"Clammy Sowthistle"
"Sorbus latifolia",9755562,1,NA
"Spiraea vanhouttei",3026622,1,NA
"Staphylea colchica",3686281,1,"Caucasian Bladdernut"
"Styphnolobium japonicum",2963569,1,"Chinese Scholar Tree"
"Taxus media",6420771,1,"Anglo-Japanese yew"
"Tilia euchlora",7149674,1,"Caucasian lime"
"Toona sinensis",7271504,1,"Chinese Cedar"
"Vaccinium deliciosum",2882961,1,"Cascade bilberry"
"Viburnum dentatum",2888594,1,"Arrow-wood"
"Viburnum rhytidophylloides",2888588,1,"Viburnum"
"Yucca flaccida",2775530,1,"Adam's-needle"
